cage	dpi	edry	nslt	comb
ZA	92	2	2	2
ZB	92	2	2	2
ZC	92	2	2	2
ZD	92	2	2	2
ZE	89	2	2	2
ZF	89	2	2	2
ZG	89	2	2	2
ZH	89	2	2	2
ZI	89	2	2	2
ZJ	89	2	2	2
ZK	89	2	2	2
ZL	89	2	2	2
ZM	86	2	2	2
ZN	86	2	2	2
ZO	86	2	2	2
ZP	86	2	2	2
ZQ	84	2	2	2
ZR	84	2	2	2
ZS	84	2	2	2
ZA	99	2	2	2
ZB	99	2	2	2
ZC	99	2	2	2
ZD	99	2	2	2
ZE	96	2	2	2
ZF	96	2	2	2
ZG	96	2	2	2
ZH	96	2	2	2
ZI	96	2	2	2
ZJ	96	2	2	2
ZK	96	2	2	2
ZL	96	2	2	2
ZM	93	2	2	2
ZN	93	2	2	2
ZO	93	2	2	2
ZP	93	2	2	2
ZQ	91	2	2	2
ZR	91	2	2	2
ZS	91	2	2	2
ZA	106	2	2	2
ZB	106	2	2	2
ZC	106	2	2	2
ZD	106	2	2	2
ZE	103	2	2	2
ZF	103	2	2	2
ZG	103	2	2	2
ZH	103	2	2	2
ZI	103	2	2	2
ZJ	103	2	2	2
ZK	103	2	2	2
ZL	103	2	2	2
ZM	100	2	2	2
ZN	100	2	2	2
ZO	100	2	2	2
ZP	100	2	2	2
ZQ	98	2	2	2
ZR	98	2	2	2
ZS	98	2	2	2
ZA	113	2	2	2
ZB	113	2	2	2
ZC	113	2	2	2
ZD	113	2	2	2
ZE	110	2	2	2
ZF	110	2	2	2
ZG	110	2	2	2
ZH	110	2	2	2
ZI	110	2	2	2
ZJ	110	2	2	2
ZK	110	2	2	2
ZL	110	2	2	2
ZM	107	2	2	2
ZN	107	2	2	2
ZO	107	2	2	2
ZP	107	2	2	2
ZQ	105	2	2	2
ZR	105	2	2	2
ZS	105	2	2	2
ZT	105	2	2	2
ZA	122	1	1.5	1.25
ZB	122	2	2	2
ZC	122	0	1	0.5
ZD	122	2	2	2
ZE	119	1	1	1
ZF	119	2	2	2
ZG	119	0.5	0.5	0.5
ZH	119	0	1	0.5
ZI	119	0.5	0.5	0.5
ZJ	119	2	2	2
ZK	119	2	2	2
ZL	119	1	1	1
ZM	116	2	2	2
ZN	116	2	2	2
ZO	116	2	2	2
ZP	116	2	2	2
ZR	114	2	2	2
ZS	114	2	2	2
ZT	114	2	2	2
ZA	129	2	2	2
ZB	129	2	2	2
ZC	129	2	2	2
ZD	129	2	2	2
ZE	126	1.5	1.5	1.5
ZF	126	1.5	1.5	1.5
ZG	126	1.5	1.5	1.5
ZH	126	0.5	1	0.75
ZI	126	1	1	1
ZJ	126	1.5	1.5	1.5
ZK	126	2	2	2
ZL	126	1.5	1.5	1.5
ZM	123	2	2	2
ZN	123	2	2	2
ZO	123	2	2	2
ZP	123	2	2	2
ZQ	121	2	2	2
ZR	121	2	2	2
ZS	121	2	2	2
ZT	121	1.5	1.5	1.5
ZA	143	0.5	1	0.75
ZB	143	2	2	2
ZC	143	0.5	1	0.75
ZD	143	0.5	1.5	1
ZE	140	0	1	0.5
ZF	140	0	1	0.5
ZG	140	0.5	0	0.25
ZH	140	0	1	0.5
ZI	140	0	0	0
ZJ	140	0.5	1	0.75
ZK	140	1.5	1.5	1.5
ZL	140	0	1.5	0.75
ZM	137	0	1	0.5
ZN	137	1	1	1
ZO	137	1	1	1
ZP	137	2	2	2
ZQ	135	0	1	0.5
ZR	135	1	1	1
ZS	135	1	1	1
ZA	150	0	0.5	0.25
ZB	150	0	0	0
ZC	150	0	0	0
ZD	150	0.5	0.5	0.5
ZE	147	0	1	0.5
ZF	147	0	0	0
ZG	147	0	0	0
ZH	147	0	0	0
ZI	147	0	0.5	0.25
ZJ	147	0	0.5	0.25
ZK	147	0.5	1.5	1
ZL	147	0	1	0.5
ZM	144	0	0	0
ZN	144	0	0	0
ZO	144	0	1	0.5
ZP	144	0	0.5	0.25
ZQ	142	0	1	0.5
ZR	142	0	0	0
ZS	142	2	2	2
ZA	157	0	0.5	0.25
ZB	157	0.5	1	0.75
ZC	157	0.5	1	0.75
ZD	157	0.5	1.5	1
ZE	154	0	1	0.5
ZF	154	0	0.5	0.25
ZG	154	0	0.5	0.25
ZH	154	0	0.5	0.25
ZI	154	0	1	0.5
ZJ	154	0	0.5	0.25
ZK	154	2	2	2
ZL	154	0	1	0.5
ZM	151	0	0	0
ZN	151	0	0.5	0.25
ZO	151	0	1.5	0.75
ZP	151	2	2	2
ZQ	149	0	0	0
ZR	149	0.5	0.5	0.5
ZS	149	2	2	2
ZB	171	0	0	0
ZC	171	0	0.5	0.25
ZD	171	2	2	2
ZE	168	0	0	0
ZF	168	0	1	0.5
ZG	168	0	1	0.5
ZH	168	0	0	0
ZJ	168	0	0	0
ZK	168	2	2	2
ZL	168	0	1	0.5
ZN	165	0	0	0
ZO	165	2	2	2
ZP	165	2	2	2
ZQ	163	0	0.5	0.25
ZR	163	0	0	0
ZS	163	2	2	2
ZC	185	0.5	1	0.75
ZD	185	2	2	2
ZG	182	0	0.5	0.25
ZH	182	0	1	0.5
ZK	182	1	2	1.5
ZL	182	0	2	1
ZO	179	2	2	2
ZP	179	2	2	2
ZR	177	0	0.5	0.25
ZS	177	2	2	2
ZC	192	0	0	0
ZD	192	0	0.5	0.25
ZG	189	0	0	0
ZH	189	0	0	0
ZK	189	0	0	0
ZL	189	0	0	0
ZO	186	0	0.5	0.25
ZP	186	0.5	0	0.25
ZS	184	0	0	0
ZC	199	0.5	0.5	0.5
ZD	199	0.5	0.5	0.5
ZG	196	0	1	0.5
ZH	196	0	1	0.5
ZK	196	0	1	0.5
ZL	196	0	0.5	0.25
ZO	193	0.5	1.5	1
ZP	193	1	1.5	1.25
ZS	191	1.5	1.5	1.5
ZC	206	0	0	0
ZD	206	0	1	0.5
ZG	203	0	0	0
ZH	203	0	0	0
ZK	203	0	1	0.5
ZL	203	0	0	0
ZO	200	0.5	1.5	1
ZP	200	1.5	2	1.75
ZS	198	0	0.5	0.25
ZC	213	0.5	0.5	0.5
ZD	213	0.5	0.5	0.5
ZG	210	0.5	0	0.25
ZH	210	0	1	0.5
ZK	210	0	1	0.5
ZL	210	0.5	0.5	0.5
ZO	207	0.5	1	0.75
ZP	207	2	2	2
ZS	205	0.5	0.5	0.5
ZC	220	0	0	0
ZD	220	0	0	0
ZG	217	0	0	0
ZH	217	0	0	0
ZK	217	0	0.5	0.25
ZL	217	0	0	0
ZO	214	0	1	0.5
ZP	214	1.5	1.5	1.5
ZS	212	0.5	0	0.25
ZC	227	0	0.5	0.25
ZD	227	0	0.5	0.25
ZG	224	0	0.5	0.25
ZH	224	0	0.5	0.25
ZK	224	0	0.5	0.25
ZL	224	0	0.5	0.25
ZO	221	0	1	0.5
ZP	221	2	2	2
ZS	219	0.5	0.5	0.5
ZC	234	0	0	0
ZD	234	0.5	0	0.25
ZG	231	0	0.5	0.25
ZK	231	0	0	0
ZL	231	0	0	0
ZO	228	0	2	1
ZP	228	0.5	1.5	1
ZS	226	0	0.5	0.25
ZC	241	0	0	0
ZD	241	0	0.5	0.25
ZG	238	0	0.5	0.25
ZK	238	0	1	0.5
ZL	238	0	0.5	0.25
ZO	235	0	2	1
ZP	235	1	1.5	1.25
ZS	233	0	0.5	0.25
ZC	248	0	0	0
ZD	248	0.5	0	0.25
ZG	245	0	0.5	0.25
ZK	245	0	0.5	0.25
ZL	245	0	0.5	0.25
ZP	242	0	0	0
ZS	240	0	0.5	0.25
ZC	255	0	1	0.5
ZD	255	1	0.5	0.75
ZG	252	0	1	0.5
ZK	252	0	0.5	0.25
ZL	252	0	0.5	0.25
ZP	249	0	0.5	0.25
ZS	247	0	0.5	0.25
ZC	262	0	0	0
ZD	262	0	0	0
ZG	259	0	0	0
ZK	259	0	0	0
ZL	259	0	0	0
ZP	256	0	0	0
ZS	254	0	0	0
ZP	263	0	0	0
VA	99	2	2	2
VB	99	2	2	2
VC	99	2	2	2
VD	99	2	2	2
VE	99	2	2	2
VF	99	2	2	2
VG	99	2	2	2
VH	99	2	2	2
VI	99	2	2	2
VJ	99	2	2	2
VK	99	2	2	2
VL	99	2	2	2
VM	99	2	2	2
VN	99	2	2	2
VO	99	2	2	2
VP	99	2	2	2
VQ	99	2	2	2
VR	99	2	2	2
VS	99	2	2	2
VT	99	2	2	2
VU	99	2	2	2
VV	99	2	2	2
VW	99	2	2	2
VX	99	2	2	2
VA	106	2	2	2
VB	106	2	2	2
VC	106	2	2	2
VD	106	2	2	2
VE	106	2	2	2
VF	106	2	2	2
VG	106	2	2	2
VH	106	2	2	2
VI	106	2	2	2
VJ	106	2	2	2
VK	106	2	2	2
VL	106	2	2	2
VM	106	2	2	2
VN	106	2	2	2
VO	106	2	2	2
VP	106	2	2	2
VQ	106	2	2	2
VR	106	2	2	2
VS	106	2	2	2
VT	106	2	2	2
VU	106	2	2	2
VV	106	2	2	2
VW	106	2	2	2
VX	106	2	2	2
VA	114	2	2	2
VB	114	2	2	2
VC	114	2	2	2
VD	114	2	2	2
VE	114	2	2	2
VF	114	2	2	2
VG	114	2	2	2
VH	114	2	2	2
VI	114	2	2	2
VJ	114	2	2	2
VK	114	2	2	2
VL	114	2	2	2
VM	114	2	2	2
VN	114	2	2	2
VO	114	2	2	2
VP	114	2	2	2
VQ	114	2	2	2
VR	114	2	2	2
VS	114	2	2	2
VT	114	2	2	2
VU	114	2	2	2
VV	114	2	2	2
VW	114	2	2	2
VX	114	2	2	2
VA	136	0.5	0	0.25
VB	136	0	0	0
VC	136	0.5	0.5	0.5
VD	136	0.5	1	0.75
VE	136	0	0	0
VF	136	1	0	0.5
VG	136	0	0	0
VH	136	0.5	0	0.25
VI	136	0	0	0
VJ	136	0	0.5	0.25
VK	136	0.5	0	0.25
VL	136	0	0	0
VM	136	0	0	0
VN	136	0.5	0	0.25
VO	136	1	0.5	0.75
VP	136	1	0	0.5
VQ	136	0.5	0	0.25
VR	136	0	0	0
VS	136	0.5	0	0.25
VT	136	0.5	0	0.25
VU	136	0.5	0	0.25
VV	136	0.5	0	0.25
VW	136	0	0	0
VX	136	0.5	0	0.25
VA	143	0.5	0.5	0.5
VB	143	0.5	1	0.75
VC	143	0.5	0.5	0.5
VD	143	1.5	2	1.75
VE	143	0.5	1	0.75
VF	143	2	2	2
VG	143	0	0	0
VH	143	0.5	0.5	0.5
VI	143	0	0.5	0.25
VJ	143	0.5	0.5	0.5
VK	143	1	1	1
VL	143	0	0	0
VM	143	0.5	0.5	0.5
VN	143	0.5	0.5	0.5
VO	143	1	1	1
VP	143	1	0.5	0.75
VQ	143	0.5	0.5	0.5
VR	143	0.5	0	0.25
VS	143	0.5	0.5	0.5
VT	143	0	0.5	0.25
VU	143	0.5	0	0.25
VV	143	0.5	0.5	0.5
VW	143	0.5	0.5	0.5
VX	143	0.5	0.5	0.5
VA	150	0	0	0
VB	150	0	0	0
VC	150	0	0.5	0.25
VD	150	0.5	1	0.75
VE	150	0	0.5	0.25
VF	150	0	1	0.5
VG	150	0	0.5	0.25
VH	150	0	0	0
VI	150	0	1	0.5
VJ	150	0	0	0
VK	150	0	0	0
VL	150	0	0	0
VM	150	0	0.5	0.25
VN	150	0	0.5	0.25
VO	150	0	1	0.5
VP	150	0	0	0
VQ	150	0	0	0
VR	150	0	0	0
VS	150	0	0.5	0.25
VT	150	0	0.5	0.25
VU	150	0	0	0
VV	150	0	0	0
VW	150	0	0	0
VX	150	0	1	0.5
VA	157	0	0.5	0.25
VB	157	0	0.5	0.25
VC	157	0	0.5	0.25
VD	157	0.5	1	0.75
VE	157	0.5	1	0.75
VF	157	2	2	2
VG	157	0	0.5	0.25
VH	157	0	0.5	0.25
VI	157	0	0.5	0.25
VJ	157	0	1	0.5
VK	157	0.5	0.5	0.5
VL	157	1	1	1
VM	157	0	1	0.5
VN	157	0	0.5	0.25
VO	157	0	0.5	0.25
VP	157	0.5	1	0.75
VQ	157	0	1	0.5
VR	157	0	0.5	0.25
VS	157	0	0.5	0.25
VT	157	0	0.5	0.25
VU	157	0.5	0.5	0.5
VV	157	0	0	0
VW	157	0	0.5	0.25
VX	157	0	0.5	0.25
VA	164	0	0.5	0.25
VB	164	0	1	0.5
VC	164	0	0	0
VD	164	0.5	0.5	0.5
VE	164	0.5	0.5	0.5
VF	164	0.5	0.5	0.5
VH	164	0	1	0.5
VK	164	0.5	0.5	0.5
VL	164	0	0	0
VM	164	0	0.5	0.25
VN	164	0	0	0
VO	164	0	0.5	0.25
VP	164	0.5	0.5	0.5
VQ	164	0.5	0	0.25
VR	164	0	0	0
VU	164	0	0	0
VV	164	0	0	0
VW	164	0	0	0
VX	164	0	0	0
VA	171	0	1	0.5
VB	171	0.5	1	0.75
VD	171	0.5	0.5	0.5
VE	171	0.5	1	0.75
VF	171	1.5	2	1.75
VH	171	0	0.5	0.25
VK	171	0.5	0.5	0.5
VL	171	0.5	0.5	0.5
VN	171	0	0.5	0.25
VO	171	0	0.5	0.25
VP	171	0.5	0.5	0.5
VQ	171	0.5	0	0.25
VR	171	0	0	0
VU	171	0	0	0
VV	171	0	0	0
VA	178	0	0	0
VD	178	0	0.5	0.25
VE	178	0	0.5	0.25
VF	178	0	0.5	0.25
VH	178	0	0	0
VK	178	0	0.5	0.25
VL	178	0	0.5	0.25
VO	178	0	0	0
VP	178	0	0	0
VQ	178	0	0	0
VR	178	0	0	0
VD	185	0.5	0.5	0.5
VE	185	0.5	0.5	0.5
VF	185	0.5	0.5	0.5
VK	185	0	0	0
VL	185	0.5	0.5	0.5
VP	185	0	0.5	0.25
VQ	185	0.5	0.5	0.5
VR	185	0	0.5	0.25
VD	192	0	1	0.5
VE	192	0	0.5	0.25
VF	192	0.5	0	0.25
VK	192	0	0.5	0.25
VL	192	0	0	0
VP	192	0	0.5	0.25
VQ	192	0	0	0
VR	192	0	0.5	0.25
VD	199	0.5	0.5	0.5
VE	199	0.5	0.5	0.5
VF	199	0.5	0.5	0.5
VK	199	0	0.5	0.25
VL	199	0.5	1.5	1
VP	199	0	1	0.5
VQ	199	0	0.5	0.25
VR	199	0	0.5	0.25
VD	206	0.5	0.5	0.5
VE	206	0.5	0.5	0.5
VF	206	0	0.5	0.25
VK	206	0	0.5	0.25
VL	206	0	0	0
VP	206	0	1	0.5
VQ	206	0	0	0
VR	206	0	0	0
VD	213	0.5	0.5	0.5
VE	213	0.5	0.5	0.5
VF	213	0.5	0.5	0.5
VK	213	0	0.5	0.25
VL	213	0.5	0	0.25
VP	213	0	0.5	0.25
VQ	213	0.5	0	0.25
VD	220	0	0	0
VE	220	0	0	0
VF	220	0	0	0
VK	220	0	0.5	0.25
VL	220	0	0	0
VP	220	0	0.5	0.25
VQ	220	0	0	0
VD	227	0.5	0.5	0.5
VE	227	0	0.5	0.25
VF	227	0.5	0.5	0.5
VK	227	0	0.5	0.25
VL	227	0	0.5	0.25
VP	227	0	0.5	0.25
VQ	227	0	0	0
VD	234	0	0.5	0.25
VE	234	0	0	0
VF	234	0	0.5	0.25
VK	234	0	0	0
VL	234	0	0	0
VP	234	0	0	0
VQ	234	0	0	0
VD	241	0	0.5	0.25
VE	241	0	0	0
VF	241	0.5	0.5	0.5
VK	241	0	0	0
VL	241	0	0	0
VP	241	0	0.5	0.25
VQ	241	0	0.5	0.25
VD	248	0	0.5	0.25
VE	248	0	0	0
VF	248	0	0.5	0.25
VK	248	0	0	0
VL	248	0	0	0
VP	248	0	0	0
VQ	248	0	0	0
VD	255	0	0.5	0.25
VE	255	0	0.5	0.25
VF	255	0.5	0.5	0.5
VK	255	0	0.5	0.25
VL	255	0	0	0
VP	255	0	0	0
VQ	255	0	0	0
VE	262	0	0	0
VF	262	0	0	0
VK	262	0	0	0
VL	262	0	0	0
VP	262	0	0	0
VQ	262	0	0	0
VF	269	0.5	0	0.25
VP	269	0	0	0
VQ	269	0	0.5	0.25
VF	276	0	0	0
VP	276	0	0	0
VQ	276	0	0	0
VF	283	0	0	0
VQ	283	0	1	0.5
TG	91	2	2	2
TI	91	2	2	2
TJ	91	2	2	2
TK	91	2	2	2
TL	91	2	2	2
TM	91	2	2	2
TN	91	2	2	2
TO	91	2	2	2
TP	91	2	2	2
TQ	91	2	2	2
TR	91	2	2	2
TS	91	2	2	2
TT	91	2	2	2
TU	91	2	2	2
TV	91	2	2	2
TW	91	2	2	2
TX	91	2	2	2
TY	91	2	2	2
TZ	91	2	2	2
TAA	91	2	2	2
TAB	91	2	2	2
TAC	91	2	2	2
TAD	91	2	2	2
TAE	91	2	2	2
TAF	91	2	2	2
TAG	91	2	2	2
TAH	91	2	2	2
TAI	91	2	2	2
TG	100	2	2	2
TI	100	2	2	2
TJ	100	2	2	2
TK	100	2	2	2
TL	100	2	2	2
TM	100	2	2	2
TN	100	2	2	2
TO	100	2	2	2
TP	100	2	2	2
TQ	100	2	2	2
TR	100	2	2	2
TS	100	2	2	2
TT	100	2	2	2
TU	100	2	2	2
TV	100	2	2	2
TW	100	2	2	2
TX	100	2	2	2
TY	100	2	2	2
TZ	100	2	2	2
TAA	100	2	2	2
TAB	100	2	2	2
TAC	100	2	2	2
TAD	100	2	2	2
TAE	100	2	2	2
TAF	100	2	2	2
TAG	100	2	2	2
TAH	100	2	2	2
TAI	100	2	2	2
TG	107	2	2	2
TI	107	2	2	2
TJ	107	2	2	2
TK	107	2	2	2
TL	107	2	2	2
TM	107	2	2	2
TN	107	2	2	2
TO	107	2	2	2
TP	107	2	2	2
TQ	107	2	2	2
TR	107	2	2	2
TS	107	2	2	2
TT	107	2	2	2
TU	107	2	2	2
TV	107	2	2	2
TW	107	2	2	2
TX	107	2	2	2
TY	107	2	2	2
TZ	107	2	2	2
TAA	107	2	2	2
TAB	107	2	2	2
TAC	107	2	2	2
TAD	107	2	2	2
TAE	107	2	2	2
TAF	107	2	2	2
TAG	107	2	2	2
TAH	107	2	2	2
TAI	107	2	2	2
TG	114	1.5	1.5	1.5
TI	114	2	2	2
TJ	114	1	1.5	1.25
TK	114	2	2	2
TL	114	2	2	2
TM	114	2	2	2
TN	114	2	2	2
TO	114	2	2	2
TP	114	2	2	2
TQ	114	0.5	1	0.75
TR	114	2	2	2
TS	114	1	1	1
TT	114	2	2	2
TU	114	2	2	2
TV	114	2	2	2
TW	114	2	2	2
TX	114	2	2	2
TY	114	2	2	2
TZ	114	2	2	2
TAA	114	2	2	2
TAB	114	2	2	2
TAC	114	2	2	2
TAD	114	2	2	2
TAE	114	2	2	2
TAF	114	0	0.5	0.25
TAG	114	2	2	2
TAH	114	1	1	1
TAI	114	2	2	2
TG	121	2	2	2
TI	121	2	2	2
TJ	121	1.5	1.5	1.5
TK	121	2	2	2
TL	121	2	2	2
TM	121	2	2	2
TN	121	2	2	2
TO	121	2	2	2
TP	121	2	2	2
TQ	121	1	1	1
TR	121	2	2	2
TS	121	1	1	1
TT	121	2	2	2
TU	121	2	2	2
TV	121	2	2	2
TW	121	2	2	2
TX	121	2	2	2
TY	121	2	2	2
TZ	121	2	2	2
TAA	121	2	2	2
TAB	121	2	2	2
TAC	121	2	2	2
TAD	121	2	2	2
TAE	121	2	2	2
TAF	121	0	0.5	0.25
TAG	121	2	2	2
TAH	121	1.5	1.5	1.5
TAI	121	2	2	2
TG	128	0	0	0
TI	128	2	2	2
TJ	128	0	0	0
TK	128	2	2	2
TL	128	0	0	0
TM	128	2	2	2
TN	128	0	0	0
TO	128	2	2	2
TP	128	0	0	0
TQ	128	0	0	0
TR	128	0	0	0
TS	128	0	0	0
TT	128	0	0	0
TU	128	2	2	2
TV	128	0.5	0.5	0.5
TW	128	1	1	1
TX	128	0.5	0	0.25
TY	128	2	2	2
TZ	128	0	0	0
TAA	128	2	2	2
TAB	128	0	0	0
TAC	128	2	2	2
TAD	128	0	0	0
TAE	128	2	2	2
TAF	128	0	0	0
TAG	128	2	2	2
TAH	128	0	0	0
TAI	128	2	2	2
TG	135	0	0	0
TI	135	2	2	2
TJ	135	0	0	0
TK	135	2	2	2
TL	135	0.5	0	0.25
TM	135	2	2	2
TN	135	0.5	0	0.25
TO	135	2	2	2
TP	135	1.5	1.5	1.5
TQ	135	2	2	2
TR	135	0.5	0.5	0.5
TS	135	2	2	2
TT	135	1	0.5	0.75
TU	135	2	2	2
TV	135	1	0.5	0.75
TW	135	2	2	2
TX	135	1.5	1	1.25
TY	135	2	2	2
TZ	135	0.5	0.5	0.5
TAA	135	2	2	2
TAB	135	1	1	1
TAC	135	2	2	2
TAD	135	0	0	0
TAE	135	2	2	2
TAF	135	0	0	0
TAG	135	2	2	2
TAH	135	0	0	0
TAI	135	2	2	2
TG	142	0	0	0
TI	142	2	2	2
TJ	142	0	0	0
TK	142	2	2	2
TL	142	0	0	0
TM	142	2	2	2
TN	142	0	0	0
TO	142	2	2	2
TP	142	0	0	0
TQ	142	0	0.5	0.25
TR	142	0	0	0
TS	142	2	2	2
TT	142	0	0	0
TU	142	2	2	2
TV	142	0	0	0
TW	142	0	0.5	0.25
TX	142	0	0	0
TY	142	2	2	2
TZ	142	0	0	0
TAA	142	2	2	2
TAB	142	0	0	0
TAC	142	2	2	2
TAD	142	0	0	0
TAE	142	2	2	2
TAG	142	2	2	2
TAH	142	0	0	0
TAI	142	2	2	2
TI	149	2	2	2
TK	149	2	2	2
TL	149	0	0	0
TM	149	2	2	2
TO	149	2	2	2
TP	149	0	0	0
TQ	149	1.5	1.5	1.5
TR	149	0	0	0
TS	149	2	2	2
TU	149	2	2	2
TV	149	0.5	0	0.25
TW	149	0.5	0.5	0.5
TX	149	0.5	0	0.25
TY	149	2	2	2
TZ	149	0	0.5	0.25
TAA	149	2	2	2
TAB	149	0	0	0
TAC	149	2	2	2
TAD	149	0	0	0
TAE	149	2	2	2
TAG	149	2	2	2
TAH	149	0	0	0
TAI	149	2	2	2
TI	156	2	2	2
TK	156	2	2	2
TM	156	2	2	2
TO	156	2	2	2
TQ	156	0	0	0
TR	156	0	0	0
TS	156	2	2	2
TU	156	2	2	2
TV	156	0	0	0
TW	156	0	0.5	0.25
TX	156	0	0	0
TY	156	2	2	2
TZ	156	0	0	0
TAA	156	2	2	2
TAB	156	0	0	0
TAC	156	1.5	2	1.75
TAE	156	2	2	2
TAG	156	2	2	2
TAH	156	0	0	0
TAI	156	2	2	2
TI	163	2	2	2
TK	163	2	2	2
TM	163	2	2	2
TO	163	2	2	2
TQ	163	0.5	1	0.75
TS	163	2	2	2
TU	163	2	2	2
TV	163	0	0	0
TW	163	0.5	0.5	0.5
TY	163	2	2	2
TAA	163	2	2	2
TAC	163	2	2	2
TAE	163	2	2	2
TAG	163	2	2	2
TAI	163	2	2	2
TI	170	2	2	2
TK	170	2	2	2
TM	170	2	2	2
TO	170	2	2	2
TQ	170	0	1	0.5
TS	170	0.5	1.5	1
TU	170	2	2	2
TW	170	0	0.5	0.25
TY	170	2	2	2
TAA	170	2	2	2
TAC	170	1.5	2	1.75
TAE	170	1	1.5	1.25
TAG	170	2	2	2
TAI	170	2	2	2
TI	177	2	2	2
TK	177	2	2	2
TM	177	2	2	2
TO	177	2	2	2
TQ	177	0	1	0.5
TS	177	1.5	1.5	1.5
TW	177	0	0.5	0.25
TY	177	2	2	2
TAA	177	2	2	2
TAC	177	2	2	2
TAE	177	1.5	2	1.75
TAG	177	2	2	2
TAI	177	2	2	2
TI	184	2	2	2
TK	184	2	2	2
TM	184	1	1.5	1.25
TO	184	2	2	2
TQ	184	0	0	0
TS	184	1.5	1.5	1.5
TY	184	1.5	2	1.75
TAA	184	1.5	1.5	1.5
TAC	184	1.5	2	1.75
TAE	184	0.5	1	0.75
TAG	184	1.5	2	1.75
TAI	184	1.5	2	1.75
TI	191	2	2	2
TK	191	2	2	2
TM	191	2	2	2
TO	191	2	2	2
TQ	191	0	0	0
TY	191	2	2	2
TAA	191	2	2	2
TAC	191	2	2	2
TAE	191	1.5	2	1.75
TAG	191	2	2	2
TAI	191	2	2	2
TI	198	2	2	2
TK	198	2	2	2
TM	198	0.5	1	0.75
TO	198	2	2	2
TY	198	2	2	2
TAA	198	1.5	2	1.75
TAC	198	2	2	2
TAE	198	0.5	1	0.75
TAG	198	0.5	0.5	0.5
TAI	198	1.5	2	1.75
TI	205	2	2	2
TK	205	2	2	2
TM	205	1.5	2	1.75
TO	205	2	2	2
TY	205	2	2	2
TAA	205	2	2	2
TAC	205	2	2	2
TAE	205	1	2	1.5
TAG	205	1.5	1.5	1.5
TAI	205	2	2	2
TI	212	2	2	2
TK	212	2	2	2
TM	212	1	1.5	1.25
TO	212	1.5	2	1.75
TY	212	0.5	1	0.75
TAA	212	1.5	1.5	1.5
TAC	212	1.5	2	1.75
TAE	212	0.5	0.5	0.5
TAG	212	0	0.5	0.25
TAI	212	1	2	1.5
TI	219	2	2	2
TK	219	2	2	2
TM	219	2	2	2
TO	219	2	2	2
TY	219	2	2	2
TAA	219	2	2	2
TAC	219	2	2	2
TAE	219	1	1	1
TAG	219	0	0.5	0.25
TAI	219	1.5	2	1.75
TI	226	2	2	2
TK	226	1.5	2	1.75
TM	226	1.5	2	1.75
TO	226	1.5	2	1.75
TY	226	1.5	2	1.75
TAA	226	1	2	1.5
TAC	226	0	0.5	0.25
TAE	226	0	0	0
TAG	226	0	0	0
TAI	226	1.5	2	1.75
TI	233	2	2	2
TK	233	2	2	2
TM	233	2	2	2
TO	233	2	2	2
TY	233	2	2	2
TAA	233	2	2	2
TAC	233	1	1.5	1.25
TAE	233	0.5	0.5	0.5
TAG	233	1	1	1
TAI	233	1.5	2	1.75
TI	240	2	2	2
TK	240	2	2	2
TM	240	1.5	2	1.75
TO	240	2	2	2
TY	240	1.5	2	1.75
TAA	240	0.5	2	1.25
TAC	240	0	2	1
TAE	240	0.5	0	0.25
TAG	240	0	1	0.5
TAI	240	2	2	2
TI	247	2	2	2
TK	247	2	2	2
TM	247	2	2	2
TO	247	2	2	2
TY	247	2	2	2
TAA	247	2	2	2
TAC	247	1	1	1
TAE	247	0.5	0	0.25
TAG	247	0.5	1	0.75
TAI	247	2	2	2
TI	254	2	2	2
TK	254	1	1	1
TM	254	1	2	1.5
TO	254	1.5	2	1.75
TY	254	1.5	2	1.75
TAA	254	0	1	0.5
TAC	254	0	0	0
TAE	254	0	0	0
TAG	254	0	0	0
TAI	254	1.5	1.5	1.5
TI	261	2	2	2
TK	261	2	1.5	1.75
TM	261	1.5	2	1.75
TO	261	2	2	2
TY	261	1.5	2	1.75
TAA	261	0.5	1	0.75
TAC	261	0	0	0
TAE	261	0.5	1	0.75
TAG	261	0	0	0
TAI	261	1.5	1.5	1.5
TI	275	2	2	2
TK	275	1.5	1.5	1.5
TM	275	0.5	1	0.75
TO	275	1.5	1.5	1.5
TY	275	1.5	2	1.75
TAA	275	0.5	0.5	0.5
TAC	275	0	0.5	0.25
TAE	275	1.5	1.5	1.5
TAG	275	0.5	1	0.75
TAI	275	1.5	1.5	1.5
TI	282	0	0.5	0.25
TK	282	0	0	0
TM	282	0	0	0
TO	282	1	0.5	0.75
TY	282	0	0	0
TAA	282	0.5	0.5	0.5
TAC	282	0	0.5	0.25
TAE	282	0	0	0
TAG	282	0	0	0
TAI	282	0	1	0.5
TI	289	1.5	1.5	1.5
TK	289	0.5	0.5	0.5
TM	289	0.5	0.5	0.5
TO	289	1	1	1
TY	289	0.5	0.5	0.5
TAA	289	0.5	1	0.75
TAC	289	0.5	0.5	0.5
TAE	289	1	0.5	0.75
TAG	289	0.5	1	0.75
TAI	289	0.5	1	0.75
TI	296	0	1	0.5
TK	296	0.5	0.5	0.5
TM	296	0.5	0.5	0.5
TO	296	1.5	1.5	1.5
TY	296	0	1	0.5
TAA	296	0	0.5	0.25
TAC	296	0	0.5	0.25
TAE	296	0.5	0	0.25
TAG	296	0	0	0
TAI	296	0.5	0	0.25
TI	303	1.5	1.5	1.5
TK	303	1.5	1.5	1.5
TM	303	1	1	1
TO	303	1.5	1.5	1.5
TY	303	0	1	0.5
TAA	303	0.5	1	0.75
TAC	303	0.5	0.5	0.5
TAE	303	1	0.5	0.75
TAG	303	0.5	1	0.75
TAI	303	1	1	1
TI	310	0	0	0
TK	310	0	0	0
TM	310	0	0	0
TO	310	0.5	0.5	0.5
TY	310	0	0.5	0.25
TAA	310	0	1	0.5
TAC	310	0	0.5	0.25
TAE	310	0	0	0
TAG	310	0	0.5	0.25
TAI	310	0	0	0
TI	317	0	1	0.5
TK	317	1	1.5	1.25
TM	317	0	1	0.5
TO	317	1.5	1.5	1.5
TY	317	0	1	0.5
TAA	317	0	1	0.5
TAC	317	0	0.5	0.25
TAE	317	0.5	1	0.75
TAG	317	1	1	1
TAI	317	1.5	1	1.25
TI	324	0.5	1	0.75
TK	324	0	1.5	0.75
TM	324	0	0.5	0.25
TO	324	0.5	1	0.75
TY	324	0	0	0
TAA	324	0	0	0
TAC	324	0	0.5	0.25
TAE	324	0	0	0
TAG	324	0.5	1	0.75
TAI	324	0.5	0	0.25
TI	330	0.5	0.5	0.5
TK	330	0	1	0.5
TM	330	0	0.5	0.25
TO	330	0.5	1	0.75
TY	330	0.5	0.5	0.5
TAA	330	0	1	0.5
TAC	330	0	1	0.5
TAE	330	0	0.5	0.25
TAG	330	1	1	1
TAI	330	1	1	1
TI	338	0	0	0
TK	338	0.5	0	0.25
TM	338	0.5	0	0.25
TO	338	0	0.5	0.25
TY	338	0	0	0
TAA	338	1	0	0.5
TAC	338	0.5	0	0.25
TAE	338	0	0	0
TAG	338	0.5	0	0.25
TAI	338	0.5	1	0.75
TI	352	0	0	0
TK	352	0	0	0
TM	352	0	0	0
TO	352	0.5	0	0.25
TY	352	0	0	0
TAA	352	0.5	0	0.25
TAC	352	0.5	0.5	0.5
TAE	352	0	0	0
TAG	352	0.5	0	0.25
TAI	352	0	0	0
TI	359	1	0	0.5
TK	359	0.5	0.5	0.5
TM	359	0.5	1	0.75
TO	359	0.5	0.5	0.5
TY	359	0	0	0
TAA	359	0.5	0.5	0.5
TAC	359	0.5	0.5	0.5
TAE	359	0.5	0	0.25
TAG	359	1	0	0.5
TAI	359	0.5	0.5	0.5
TI	366	0	0	0
TK	366	0.5	0	0.25
TM	366	0.5	0.5	0.5
TO	366	0	0	0
TY	366	0	0	0
TAA	366	0	1	0.5
TAC	366	0	0.5	0.25
TAE	366	0	0	0
TAG	366	0	0.5	0.25
TAI	366	0	0.5	0.25
TI	373	0	0.5	0.25
TK	373	0.5	1	0.75
TM	373	0.5	1	0.75
TO	373	0.5	0.5	0.5
TY	373	0.5	0.5	0.5
TAA	373	0.5	0.5	0.5
TAC	373	0.5	0.5	0.5
TAE	373	0	0.5	0.25
TAG	373	0.5	0.5	0.5
TAI	373	0.5	0.5	0.5
TI	380	0	0.5	0.25
TK	380	0	0	0
TM	380	0.5	0.5	0.5
TO	380	0.5	1	0.75
TY	380	0.5	0	0.25
TAA	380	0.5	0.5	0.5
TAC	380	0	0	0
TAE	380	0	0	0
TAG	380	0.5	0.5	0.5
TAI	380	0	1	0.5
TI	387	0	0.5	0.25
TK	387	0.5	0.5	0.5
TM	387	1	1	1
TO	387	0.5	1	0.75
TAA	387	0.5	0.5	0.5
TAC	387	0	0.5	0.25
TAE	387	0.5	0.5	0.5
TAG	387	0.5	0.5	0.5
TAI	387	0	1	0.5
TI	394	0	0	0
TK	394	0	0.5	0.25
TM	394	0.5	0.5	0.5
TO	394	0	0.5	0.25
TAA	394	0	0.5	0.25
TAC	394	0	0	0
TAE	394	0	0	0
TAG	394	0	0.5	0.25
TAI	394	0	0	0
TI	401	0	0	0
TK	401	0	0.5	0.25
TM	401	0.5	0.5	0.5
TO	401	0	0.5	0.25
TAA	401	0	0.5	0.25
TAC	401	0	0.5	0.25
TAE	401	0	0.5	0.25
TAG	401	0	0.5	0.25
TAI	401	0	0	0
TI	408	0	0	0
TK	408	0	0.5	0.25
TM	408	0.5	0.5	0.5
TO	408	0	0.5	0.25
TAA	408	0	0.5	0.25
TAC	408	0	0	0
TAE	408	0	0.5	0.25
TAG	408	0	1	0.5
TAI	408	0	0.5	0.25
TI	415	0	0	0
TK	415	0	0.5	0.25
TM	415	0	0.5	0.25
TO	415	0	0.5	0.25
TAA	415	0	0.5	0.25
TAC	415	0	0.5	0.25
TAE	415	0	0.5	0.25
TAG	415	0	0.5	0.25
TAI	415	0	0.5	0.25
TI	422	0	0	0
TK	422	0	0.5	0.25
TM	422	0	0.5	0.25
TO	422	0	0.5	0.25
TAA	422	0	0.5	0.25
TAC	422	0	0.5	0.25
TAE	422	0	0.5	0.25
TI	429	0	0	0
TK	429	0	0.5	0.25
TM	429	0	0.5	0.25
TO	429	0	0.5	0.25
TAA	429	0	0.5	0.25
TAC	429	0	0	0
TAE	429	0	5	2.5
TAG	429	0	0.5	0.25
TAI	429	0	0.5	0.25
TI	436	0	0	0
TK	436	0	0	0
TM	436	0	0.5	0.25
TO	436	0	0	0
TAA	436	0	0.5	0.25
TAE	436	0	0	0
TAG	436	0	0	0
TAI	436	0	0	0
TI	443	0	0	0
TM	443	0.5	0.5	0.5
TO	443	0	0.5	0.25
TAA	443	0	0.5	0.25
TAE	443	0	0.5	0.25
TAG	443	0	0.5	0.25
TAI	443	0	0.5	0.25
TM	450	0	0.5	0.25
TO	450	0	0.5	0.25
TAA	450	0	0	0
TAE	450	0	0.5	0.25
TAG	450	0	0.5	0.25
TAI	450	0	0.5	0.25
TM	457	0	0.5	0.25
TO	457	0	0.5	0.25
TAE	457	0	0.5	0.25
TAG	457	0	0.5	0.25
TAI	457	0	0.5	0.25
TM	464	0	0	0
TO	464	0	0.5	0.25
TAE	464	0	0	0
TAG	464	0	0.5	0.25
TAI	464	0	0.5	0.25
TM	471	0	0	0
TO	471	0	0.5	0.25
TAG	471	0.5	0.5	0.5
TAI	471	0	0.5	0.25
TO	478	0	0	0
TAG	478	0	0	0
TAI	478	0	0	0
TAI	485	0	0	0
TAI	492	0	0	0
SAY	122	0	2	1
SBY	122	2	2	2
SCY	122	0	2	1
SDY	122	2	2	2
SEY	122	2	2	2
SFY	122	2	2	2
SGY	122	1	2	1.5
SHY	122	2	2	2
SIY	122	0	1	0.5
SJY	122	2	2	2
SAZ	120	2	2	2
SBZ	120	2	2	2
SCZ	120	2	2	2
SDZ	120	1	2	1.5
SEZ	120	2	2	2
SFZ	120	2	2	2
SGZ	120	1	1	1
SHZ	120	2	2	2
SIZ	120	1	1	1
SJZ	120	2	2	2
SAY	129	0.5	0.5	0.5
SBY	129	2	2	2
SCY	129	0	0	0
SDY	129	2	2	2
SEY	129	2	2	2
SFY	129	2	2	2
SGY	129	2	2	2
SHY	129	2	2	2
SIY	129	0.5	0.5	0.5
SJY	129	2	2	2
SAZ	127	1.5	1.5	1.5
SBZ	127	2	2	2
SCZ	127	2	2	2
SDZ	127	2	2	2
SEZ	127	2	2	2
SFZ	127	2	2	2
SGZ	127	2	2	2
SHZ	127	2	2	2
SIZ	127	2	2	2
SJZ	127	2	2	2
SAY	137	0	0	0
SBY	137	2	2	2
SCY	137	0	0	0
SDY	137	2	2	2
SEY	137	2	2	2
SFY	137	2	2	2
SGY	137	0.5	0.5	0.5
SHY	137	2	2	2
SIY	137	0	0	0
SJY	137	2	2	2
SAZ	135	0	0	0
SBZ	135	2	2	2
SCZ	135	2	2	2
SDZ	135	2	2	2
SEZ	135	0	0	0
SFZ	135	2	2	2
SGZ	135	0	0	0
SHZ	135	2	2	2
SIZ	135	0	0	0
SJZ	135	1.5	2	1.75
SAY	144	0	0	0
SBY	144	2	2	2
SCY	144	0	0	0
SDY	144	2	2	2
SEY	144	2	2	2
SFY	144	2	2	2
SGY	144	0.5	0.5	0.5
SHY	144	2	2	2
SIY	144	0	0	0
SJY	144	2	2	2
SAZ	142	0	0	0
SBZ	142	2	2	2
SCZ	142	2	2	2
SDZ	142	2	2	2
SEZ	142	0	0	0
SFZ	142	2	2	2
SGZ	142	0	0	0
SHZ	142	2	2	2
SIZ	142	1	1	1
SJZ	142	2	2	2
SAY	151	0	0	0
SBY	151	2	2	2
SCY	151	0	0	0
SDY	151	2	2	2
SEY	151	1.5	2	1.75
SFY	151	0	0.5	0.25
SGY	151	0	0	0
SHY	151	2	2	2
SIY	151	0	0.5	0.25
SJY	151	2	2	2
SAZ	149	0	0	0
SBZ	149	1.5	1.5	1.5
SCZ	149	0	0.5	0.25
SDZ	149	1.5	2	1.75
SEZ	149	0	0.5	0.25
SFZ	149	2	2	2
SGZ	149	0	0	0
SHZ	149	2	2	2
SIZ	149	0	0	0
SJZ	149	1.5	1.5	1.5
SAY	158	0	0	0
SBY	158	2	2	2
SCY	158	0	0	0
SDY	158	2	2	2
SEY	158	2	2	2
SFY	158	0.5	0.5	0.5
SGY	158	0.5	0	0.25
SHY	158	2	2	2
SJY	158	2	2	2
SBZ	156	2	2	2
SCZ	156	0	0	0
SDZ	156	1.5	2	1.75
SEZ	156	0	0.5	0.25
SFZ	156	2	2	2
SGZ	156	0	0	0
SHZ	156	2	2	2
SIZ	156	0	0	0
SJZ	156	2	2	2
SBY	165	2	2	2
SDY	165	2	2	2
SEY	165	0.5	0.5	0.5
SFY	165	0	0	0
SHY	165	1	1	1
SJY	165	2	2	2
SBZ	163	1.5	1.5	1.5
SCZ	163	0	0	0
SDZ	163	1	1	1
SFZ	163	1.5	1.5	1.5
SGZ	163	0	0	0
SHZ	163	2	2	2
SJZ	163	1	2	1.5
SBY	172	2	2	2
SDY	172	2	2	2
SEY	172	1.5	2	1.75
SFY	172	0	0.5	0.25
SHY	172	1.5	2	1.75
SJY	172	2	2	2
SBZ	170	2	2	2
SCZ	170	0	0	0
SDZ	170	2	2	2
SFZ	170	2	2	2
SHZ	170	2	2	2
SJZ	170	2	2	2
SBY	179	0.5	0.5	0.5
SDY	179	1	1	1
SEY	179	0	0	0
SFY	179	0	0	0
SHY	179	0	0.5	0.25
SJY	179	1	1	1
SBZ	177	0	1	0.5
SCZ	177	0	0	0
SDZ	177	1	1	1
SFZ	177	1	1.5	1.25
SHZ	177	2	2	2
SJZ	177	0	0.5	0.25
SBY	186	1	1	1
SDY	186	1.5	1.5	1.5
SEY	186	0	0	0
SFY	186	0	0	0
SHY	186	0	1	0.5
SJY	186	2	2	2
SBZ	184	0	0.5	0.25
SDZ	184	1	1	1
SFZ	184	1.5	2	1.75
SHZ	184	2	2	2
SJZ	184	0.5	0.5	0.5
SBY	193	0	0	0
SDY	193	0	0	0
SEY	193	0	0	0
SFY	193	0	0	0
SHY	193	0	0	0
SJY	193	0.5	0.5	0.5
SBZ	191	0	0	0
SDZ	191	0	0.5	0.25
SFZ	191	2	2	2
SHZ	191	2	2	2
SJZ	191	0.5	0.5	0.5
SBY	200	0	1	0.5
SDY	200	0	0.5	0.25
SEY	200	0	0	0
SFY	200	0	0.5	0.25
SHY	200	1	1	1
SJY	200	1	1	1
SBZ	198	0	0	0
SDZ	198	0	1	0.5
SFZ	198	2	2	2
SHZ	198	2	2	2
SJZ	198	0.5	1	0.75
SBY	207	0	0	0
SDY	207	0	0	0
SHY	207	0	0	0
SJY	207	0.5	0	0.25
SDZ	205	0	1	0.5
SFZ	205	0	0.5	0.25
SHZ	205	1.5	2	1.75
SJZ	205	0	0.5	0.25
SDZ	212	0	1	0.5
SFZ	212	1	1.5	1.25
SHZ	212	2	2	2
SJZ	212	0	0.5	0.25
SHZ	219	1.5	2	1.75
SHZ	226	2	2	2
SHZ	233	2	2	2
SHZ	240	2	2	2
SHZ	247	2	2	2
SHZ	254	2	2	2
SHZ	261	1	2	1.5
SHZ	268	2	2	2
SHZ	275	2	2	2
SHZ	282	2	2	2
SHZ	289	2	2	2
SHZ	296	2	2	2
SHZ	310	2	2	2
RA	91	2	2	2
RB	91	2	2	2
RC	91	2	2	2
RD	91	2	2	2
RA	98	2	2	2
RB	98	2	2	2
RC	98	2	2	2
RD	98	2	2	2
RA	112	2	2	2
RB	112	2	2	2
RC	112	2	2	2
RD	112	2	2	2
RA	119	0	1	0.5
RB	119	1.5	2	1.75
RC	119	1	2	1.5
RD	119	2	2	2
RA	126	0	0.5	0.25
RB	126	2	2	2
RC	126	1.5	1.5	1.5
RD	126	2	2	2
RA	133	0	0	0
RB	133	2	2	2
RC	133	0	1	0.5
RD	133	2	2	2
RA	140	0	1	0.5
RB	140	2	2	2
RC	140	0	1	0.5
RD	140	2	2	2
RA	147	0	0.5	0.25
RB	147	2	2	2
RC	147	0	0	0
RD	147	2	2	2
RA	154	0	1	0.5
RB	154	2	2	2
RC	154	0	0.5	0.25
RD	154	2	2	2
RA	161	0	0.5	0.25
RB	161	2	2	2
RC	161	0	1	0.5
RD	161	2	2	2
RB	167	2	2	2
RD	167	2	2	2
RB	175	1.5	2	1.75
RD	175	2	2	2
RB	189	1	2	1.5
RD	189	2	2	2
RB	196	2	2	2
RD	196	2	2	2
RB	203	0.5	2	1.25
RD	203	0.5	1	0.75
RB	210	1.5	2	1.75
RD	210	2	2	2
RB	217	0.5	0.5	0.5
RD	217	0.5	0.5	0.5
RB	224	0.5	0.5	0.5
RD	224	1.5	1	1.25
RB	231	0.5	0.5	0.5
RD	231	0	0.5	0.25
RB	238	0.5	0.5	0.5
RD	238	0	0.5	0.25
RB	245	0	0.5	0.25
RD	245	0	0	0
RB	252	0	0.5	0.25
RD	252	0	0	0
RB	259	0	0.5	0.25
RD	259	0	0.5	0.25
RB	266	0.5	0.5	0.5
RD	266	0	0.5	0.25
RB	273	0	0	0
RD	273	0	0	0
RB	280	0	0.5	0.25
RD	280	0	0	0
RB	287	0	0	0
RD	287	0	0	0
RB	294	0	0	0
RD	294	0	0	0
RB	301	0	0	0
QA	92	2	2	2
QB	92	2	2	2
QC	92	2	2	2
QD	92	2	2	2
QA	99	2	2	2
QB	99	2	2	2
QC	99	2	2	2
QD	99	2	2	2
QA	113	2	2	2
QB	113	2	2	2
QC	113	2	2	2
QD	113	2	2	2
QA	127	2	2	2
QB	127	2	2	2
QC	127	2	2	2
QD	127	2	2	2
QA	134	0.5	0.5	0.5
QB	134	1	1	1
QC	134	2	2	2
QD	134	2	2	2
QA	141	1	1.5	1.25
QB	141	2	2	2
QC	141	2	2	2
QD	141	2	2	2
QA	148	0.5	0.5	0.5
QB	148	0.5	1	0.75
QC	148	2	2	2
QD	148	2	2	2
QA	155	1	1	1
QB	155	1.5	1.5	1.5
QC	155	2	2	2
QD	155	2	2	2
QA	162	0	0	0
QB	162	0	1	0.5
QC	162	2	2	2
QD	162	2	2	2
QB	169	0.5	0.5	0.5
QC	169	2	2	2
QD	169	2	2	2
QB	176	0	0	0
QC	176	2	2	2
QD	176	2	2	2
QB	183	0	0	0
QC	183	2	2	2
QD	183	2	2	2
QC	190	1.5	1.5	1.5
QD	190	2	2	2
QC	197	1.5	1.5	1.5
QD	197	2	2	2
QC	204	0	0.5	0.25
QD	204	0.5	1	0.75
QC	211	0.5	0.5	0.5
QD	211	1.5	1.5	1.5
QC	218	0.5	0.5	0.5
QD	218	0	0.5	0.25
QC	225	0.5	0.5	0.5
QD	225	0.5	0.5	0.5
QC	232	0	0	0
QD	232	0	0	0
QC	239	0	0.5	0.25
QD	239	0.5	0.5	0.5
QC	246	0	0	0
QD	246	0	0	0
QD	253	0	0	0
QD	260	0	0	0
QD	267	0	0	0
QD	274	0	0	0
MA	93	2	2	2
MB	93	2	2	2
MC	93	2	2	2
MD	93	2	2	2
ME	93	2	2	2
MF	93	2	2	2
MG	93	2	2	2
MH	93	2	2	2
MI	93	2	2	2
MJ	93	2	2	2
MA	100	2	2	2
MB	100	2	2	2
MC	100	2	2	2
MD	100	2	2	2
ME	100	2	2	2
MF	100	2	2	2
MG	100	2	2	2
MH	100	2	2	2
MI	100	2	2	2
MJ	100	2	2	2
MA	107	0.5	0.5	0.5
MB	107	2	2	2
MC	107	2	2	2
MD	107	2	2	2
ME	107	2	2	2
MF	107	2	2	2
MG	107	2	2	2
MH	107	2	2	2
MI	107	0.5	0.5	0.5
MJ	107	2	2	2
MA	114	1	1	1
MB	114	2	2	2
MC	114	2	2	2
MD	114	2	2	2
ME	114	2	2	2
MF	114	2	2	2
MG	114	2	2	2
MH	114	2	2	2
MI	114	0.5	0.5	0.5
MJ	114	2	2	2
MA	121	0	0.5	0.25
MB	121	2	2	2
MC	121	2	2	2
MD	121	2	2	2
ME	121	2	2	2
MF	121	1	1.5	1.25
MG	121	2	2	2
MH	121	2	2	2
MI	121	0	1	0.5
MJ	121	2	2	2
MA	128	0	0.5	0.25
MB	128	2	2	2
MC	128	2	2	2
MD	128	2	2	2
ME	128	2	2	2
MF	128	2	2	2
MG	128	2	2	2
MH	128	2	2	2
MI	128	1.5	1.5	1.5
MJ	128	2	2	2
MA	135	0	0	0
MB	135	0.5	0.5	0.5
MC	135	2	2	2
MD	135	2	2	2
ME	135	0	0.5	0.25
MF	135	0	0	0
MG	135	2	2	2
MH	135	2	2	2
MI	135	0	0.5	0.25
MJ	135	2	2	2
MA	142	0	0	0
MB	142	1.5	1.5	1.5
MC	142	2	2	2
MD	142	2	2	2
ME	142	0	0.5	0.25
MF	142	0	0	0
MG	142	2	2	2
MH	142	2	2	2
MI	142	0	0.5	0.25
MJ	142	2	2	2
MA	149	0	0.5	0.25
MB	149	0	0.5	0.25
MC	149	2	2	2
MD	149	2	2	2
ME	149	0	1	0.5
MF	149	0	0	0
MG	149	2	2	2
MH	149	2	2	2
MI	149	0	0	0
MJ	149	2	2	2
MA	156	0	1	0.5
MB	156	0	0.5	0.25
MC	156	2	2	2
MD	156	2	2	2
MF	156	0	0.5	0.25
MG	156	2	2	2
MH	156	2	2	2
MI	156	0	1	0.5
MJ	156	2	2	2
MC	163	2	2	2
MD	163	2	2	2
MG	163	2	2	2
MH	163	2	2	2
MI	163	0	0	0
MJ	163	2	2	2
MC	170	2	2	2
MD	170	2	2	2
MG	170	2	2	2
MH	170	2	2	2
MJ	170	2	2	2
MC	177	2	2	2
MD	177	2	2	2
MG	177	2	2	2
MH	177	2	2	2
MJ	177	2	2	2
MC	184	2	2	2
MD	184	2	2	2
MG	184	2	2	2
MH	184	2	2	2
MJ	184	2	2	2
MC	191	2	2	2
MD	191	2	2	2
MG	191	2	2	2
MH	191	2	2	2
MJ	191	2	2	2
MC	198	2	2	2
MD	198	2	2	2
MG	198	2	2	2
MH	198	2	2	2
MJ	198	2	2	2
MC	205	2	2	2
MD	205	2	2	2
MG	205	2	2	2
MH	205	2	2	2
MJ	205	2	2	2
MC	212	1.5	1.5	1.5
MD	212	0.5	1	0.75
MG	212	1.5	2	1.75
MH	212	1.5	2	1.75
MJ	212	2	2	2
MC	219	2	2	2
MD	219	1.5	1.5	1.5
MG	219	2	2	2
MH	219	2	2	2
MJ	219	2	2	2
MC	226	1.5	2	1.75
MD	226	1.5	2	1.75
MG	226	1.5	2	1.75
MH	226	1.5	2	1.75
MJ	226	1.5	2	1.75
MC	233	1.5	1.5	1.5
MD	233	0.5	0	0.25
MG	233	1.5	2	1.75
MH	233	2	2	2
MJ	233	2	2	2
MC	240	0.5	0	0.25
MD	240	0	0	0
MG	240	0	0.5	0.25
MH	240	0	0	0
MJ	240	0.5	1	0.75
MC	247	0.5	0	0.25
MD	247	0	0	0
MG	247	0	0.5	0.25
MH	247	0	0	0
MJ	247	1	1	1
MC	261	0	0.5	0.25
MD	261	0	0.5	0.25
MG	261	0	0.5	0.25
MH	261	0	0.5	0.25
MJ	261	0	0.5	0.25
MC	268	0	0.5	0.25
MD	268	0	0	0
MG	268	0	0	0
MH	268	0	0	0
MJ	268	0	0	0
MC	275	0	0.5	0.25
MD	275	0	0	0
MG	275	0	0.5	0.25
MH	275	0	0.5	0.25
MJ	275	0	0.5	0.25
MC	282	0	0.5	0.25
MG	282	0	0.5	0.25
MH	282	0	0	0
MJ	282	0	0	0
MC	289	0	0.5	0.25
MG	289	0	0.5	0.25
MH	289	0	0.5	0.25
MJ	289	0	0.5	0.25
MC	296	0	0	0
MG	296	0	0	0
MJ	296	0	0	0
MC	303	0	1	0.5
MG	303	0	1	0.5
MC	310	0	0	0
MG	310	0	0	0
MG	316	0	0	0
GA	105	1.5	1.5	1.5
GB	105	2	2	2
GC	105	2	2	2
GD	105	2	2	2
GE	105	1.5	2	1.75
GF	105	2	2	2
GG	105	2	2	2
GH	105	2	2	2
GI	105	2	2	2
GJ	105	2	2	2
GK	105	2	2	2
GL	105	2	1.5	1.75
GM	105	2	2	2
GN	105	2	2	2
GO	105	2	2	2
GP	105	1	2	1.5
GQ	105	2	2	2
GR	105	2	2	2
GS	105	2	2	2
GT	105	2	2	2
GU	105	2	2	2
GA	112	1.5	2	1.75
GB	112	2	2	2
GC	112	2	2	2
GD	112	2	2	2
GE	112	0.5	1	0.75
GF	112	1.5	2	1.75
GG	112	2	2	2
GH	112	2	2	2
GI	112	2	2	2
GJ	112	2	2	2
GK	112	2	2	2
GL	112	0.5	1	0.75
GM	112	0.5	0.5	0.5
GN	112	0.5	0.5	0.5
GO	112	2	2	2
GP	112	2	2	2
GQ	112	0.5	0.5	0.5
GR	112	0	0.5	0.25
GS	112	2	2	2
GT	112	2	2	2
GU	112	2	2	2
GA	119	2	2	2
GB	119	2	2	2
GC	119	2	2	2
GD	119	2	2	2
GE	119	2	2	2
GF	119	2	2	2
GG	119	2	2	2
GH	119	2	2	2
GI	119	2	2	2
GJ	119	2	2	2
GK	119	2	2	2
GL	119	1.5	1.5	1.5
GM	119	1	1	1
GN	119	1	1.5	1.25
GO	119	2	2	2
GP	119	2	2	2
GQ	119	1.5	1.5	1.5
GR	119	0.5	0.5	0.5
GS	119	2	2	2
GT	119	2	2	2
GU	119	2	2	2
GA	126	1.5	2	1.75
GB	126	2	2	2
GC	126	2	2	2
GD	126	2	2	2
GE	126	0.5	2	1.25
GF	126	1	2	1.5
GG	126	1.5	2	1.75
GH	126	2	2	2
GI	126	2	2	2
GJ	126	2	2	2
GK	126	2	2	2
GL	126	0	0.5	0.25
GM	126	0	0	0
GN	126	0	1	0.5
GO	126	1.5	2	1.75
GP	126	0	0	0
GQ	126	0	0	0
GR	126	0	0	0
GS	126	1	1	1
GT	126	1	1	1
GU	126	1.5	1.5	1.5
GA	133	2	2	2
GB	133	2	2	2
GC	133	2	2	2
GD	133	2	2	2
GE	133	2	2	2
GF	133	1.5	2	1.75
GG	133	2	2	2
GH	133	2	2	2
GI	133	2	2	2
GJ	133	2	2	2
GK	133	2	2	2
GL	133	0	0.5	0.25
GM	133	0	0	0
GN	133	1	2	1.5
GO	133	2	2	2
GP	133	0	0.5	0.25
GQ	133	0	0.5	0.25
GR	133	0	0	0
GS	133	0.5	0.5	0.5
GT	133	1	1	1
GU	133	1.5	1.5	1.5
GA	140	1	2	1.5
GB	140	2	2	2
GC	140	2	2	2
GD	140	2	2	2
GE	140	1.5	2	1.75
GF	140	1.5	2	1.75
GG	140	2	2	2
GH	140	2	2	2
GI	140	1.5	2	1.75
GJ	140	2	2	2
GK	140	2	2	2
GL	140	0	0	0
GM	140	0	0	0
GN	140	0	1	0.5
GO	140	0	1	0.5
GP	140	0	0	0
GQ	140	0	0	0
GR	140	0	0	0
GS	140	0	0	0
GT	140	0	0	0
GU	140	0	0	0
GA	147	1.5	2	1.75
GB	147	2	2	2
GC	147	2	2	2
GD	147	2	2	2
GE	147	1.5	2	1.75
GF	147	2	2	2
GG	147	2	2	2
GH	147	2	2	2
GI	147	2	2	2
GJ	147	2	2	2
GK	147	2	2	2
GL	147	0	0.5	0.25
GM	147	0	0	0
GN	147	0	1	0.5
GO	147	0.5	0.5	0.5
GQ	147	0	0	0
GR	147	0	0	0
GS	147	0	0.5	0.25
GU	147	0	0.5	0.25
GA	154	1	1.5	1.25
GB	154	1.5	1.5	1.5
GC	154	2	2	2
GD	154	2	2	2
GE	154	1.5	1.5	1.5
GF	154	1.5	2	1.75
GG	154	1.5	2	1.75
GH	154	2	2	2
GI	154	1.5	2	1.75
GJ	154	1.5	2	1.75
GK	154	1.5	2	1.75
GL	154	0	0	0
GM	154	0	0	0
GN	154	0	0	0
GO	154	0	0	0
GQ	154	0	0	0
GR	154	0	0	0
GS	154	0	0	0
GU	154	0	0	0
GA	161	1	2	1.5
GB	161	2	2	2
GC	161	2	2	2
GD	161	2	2	2
GE	161	1.5	2	1.75
GF	161	2	2	2
GG	161	2	2	2
GH	161	2	2	2
GI	161	2	2	2
GJ	161	2	2	2
GK	161	2	2	2
GN	161	0	0	0
GO	161	0	0	0
GU	161	0	0	0
GA	168	1.5	2	1.75
GB	168	2	2	2
GC	168	2	2	2
GD	168	2	2	2
GE	168	2	2	2
GF	168	2	2	2
GG	168	2	2	2
GH	168	2	2	2
GI	168	1.5	2	1.75
GJ	168	1.5	1.5	1.5
GK	168	2	2	2
GN	168	0	0	0
GO	168	0	0	0
GA	175	2	2	2
GB	175	2	2	2
GC	175	2	2	2
GD	175	2	2	2
GE	175	2	2	2
GF	175	2	2	2
GG	175	2	2	2
GH	175	2	2	2
GI	175	2	2	2
GJ	175	2	2	2
GK	175	2	2	2
GA	182	0.5	2	1.25
GB	182	2	2	2
GC	182	2	2	2
GD	182	2	2	2
GE	182	1	2	1.5
GF	182	0.5	2	1.25
GG	182	1.5	2	1.75
GH	182	2	2	2
GI	182	0.5	0.5	0.5
GJ	182	0.5	0.5	0.5
GK	182	0.5	1.5	1
GA	189	1.5	2	1.75
GB	189	2	2	2
GC	189	2	2	2
GD	189	1.5	2	1.75
GE	189	1.5	2	1.75
GF	189	2	2	2
GG	189	2	2	2
GH	189	2	2	2
GI	189	2	2	2
GJ	189	1	1	1
GK	189	1.5	1.5	1.5
GA	196	0	1	0.5
GB	196	1.5	1.5	1.5
GC	196	1.5	2	1.75
GD	196	1	2	1.5
GE	196	0	1.5	0.75
GF	196	0.5	1.5	1
GG	196	1.5	1	1.25
GH	196	0.5	0.5	0.5
GI	196	0	0.5	0.25
GJ	196	0	0.5	0.25
GK	196	0	0.5	0.25
GA	210	0.5	1	0.75
GB	210	0.5	1	0.75
GC	210	0.5	0.5	0.5
GD	210	0	0.5	0.25
GE	210	0	1.5	0.75
GF	210	0.5	0.5	0.5
GG	210	1	1	1
GH	210	0	0	0
GI	210	0	0.5	0.25
GJ	210	0	0.5	0.25
GK	210	0	0	0
GA	217	0.5	1	0.75
GB	217	1.5	1.5	1.5
GC	217	1	1.5	1.25
GD	217	0	1	0.5
GE	217	1	1	1
GF	217	0	1	0.5
GG	217	2	2	2
GH	217	0	0.5	0.25
GI	217	0.5	0.5	0.5
GJ	217	0	1	0.5
GK	217	1.5	1.5	1.5
GA	224	0	0.5	0.25
GB	224	0	0	0
GC	224	0.5	0	0.25
GD	224	0	0.5	0.25
GE	224	0	1	0.5
GF	224	0	0.5	0.25
GG	224	0.5	1	0.75
GH	224	0	1	0.5
GI	224	0	0.5	0.25
GJ	224	0.5	0.5	0.5
GK	224	0	0.5	0.25
GA	231	1.5	1.5	1.5
GB	231	1	1	1
GC	231	0.5	1	0.75
GD	231	0	0.5	0.25
GE	231	0	1	0.5
GF	231	0.5	0.5	0.5
GG	231	1.5	1.5	1.5
GH	231	0	1	0.5
GI	231	0	1	0.5
GJ	231	0.5	0.5	0.5
GK	231	0	1	0.5
GA	245	2	2	2
GB	245	0.5	0.5	0.5
GC	245	0.5	1	0.75
GD	245	0	1	0.5
GE	245	0	1	0.5
GF	245	0.5	0.5	0.5
GG	245	1	1	1
GH	245	0	1	0.5
GI	245	0	0.5	0.25
GJ	245	0	0	0
GK	245	0	1	0.5
GA	252	1.5	2	1.75
GB	252	0	1	0.5
GC	252	0	0.5	0.25
GD	252	0	1	0.5
GE	252	0	1.5	0.75
GF	252	0	1	0.5
GG	252	0.5	1	0.75
GH	252	0	0.5	0.25
GI	252	0	0.5	0.25
GJ	252	0	0	0
GK	252	0	1	0.5
GA	259	2	2	2
GB	259	0.5	1	0.75
GC	259	0	1	0.5
GD	259	0	1	0.5
GE	259	0	1	0.5
GF	259	0.5	1	0.75
GG	259	1	1.5	1.25
GH	259	0	0.5	0.25
GI	259	0	1	0.5
GJ	259	0	0	0
GK	259	0	1	0.5
GA	273	0.5	1	0.75
GB	273	0	0.5	0.25
GC	273	0	0.5	0.25
GD	273	0	0	0
GE	273	0	1	0.5
GF	273	0	0.5	0.25
GG	273	0.5	0.5	0.5
GH	273	0	0	0
GI	273	0	0	0
GJ	273	0	0	0
GA	287	0.5	0	0.25
GB	287	0	0.5	0.25
GE	287	0	1	0.5
GF	287	0.5	1	0.75
GG	287	0.5	0.5	0.5
GH	287	0	0	0
GI	287	0	0	0
GA	294	0	0	0
GB	294	0	0.5	0.25
GE	294	0	0	0
GF	294	0	0	0
GG	294	0	0	0
GH	294	0	0	0
GI	294	0	0	0
GA	301	0	0.5	0.25
GB	301	0	0.5	0.25
GE	301	0	0	0
GF	301	0.5	0.5	0.5
GG	301	0.5	0.5	0.5
GI	301	0	0	0
GA	308	0	0.5	0.25
GB	308	0	0.5	0.25
GE	308	0	0.5	0.25
GF	308	0	0	0
GG	308	0	0.5	0.25
GI	308	0	0	0
GA	315	0	1	0.5
GB	315	0	0.5	0.25
GE	315	0	1	0.5
GF	315	0	1	0.5
GG	315	0	0.5	0.25
GI	315	0	0	0
GA	322	0	0	0
GB	322	0	0.5	0.25
GE	322	0	1	0.5
GF	322	0.5	0.5	0.5
GG	322	0	0.5	0.25
GI	322	0	0	0
GA	329	0	0.5	0.25
GB	329	0	0.5	0.25
GE	329	0	0.5	0.25
GF	329	0	0.5	0.25
GG	329	0	0.5	0.25
GA	336	0	0	0
GB	336	0	0.5	0.25
GE	336	0	0.5	0.25
GF	336	0.5	0.5	0.5
GG	336	0	0.5	0.25
GA	343	0	0.5	0.25
GB	343	0	0.5	0.25
GE	343	0	0.5	0.25
GF	343	0.5	0.5	0.5
GG	343	0	0.5	0.25
GA	350	0	0.5	0.25
GB	350	0	0	0
GE	350	0	0.5	0.25
GF	350	0	0.5	0.25
GG	350	0	0.5	0.25
GA	357	0	0.5	0.25
GB	357	0	0.5	0.25
GE	357	0	0.5	0.25
GF	357	0	0.5	0.25
GG	357	0	0.5	0.25
GA	364	0	0	0
GB	364	0	0	0
GE	364	0	0	0
GF	364	0	1	0.5
GG	364	0	1	0.5
GA	371	0	0.5	0.25
GB	371	0	1	0.5
GE	371	0	1	0.5
GF	371	0.5	1	0.75
GG	371	0	1	0.5
GA	378	0	0	0
GB	378	0	0	0
GE	378	0	0	0
GF	378	0	0.5	0.25
GG	378	0	0.5	0.25
GA	385	0	0.5	0.25
GB	385	0	0	0
GE	385	0	0.5	0.25
GF	385	0.5	0.5	0.5
GG	385	0	0.5	0.25
GA	392	0	0	0
GB	392	0	0	0
GE	392	0	0.5	0.25
GF	392	0	0.5	0.25
GG	392	0	0.5	0.25
GA	399	0	0	0
GB	399	0	0.5	0.25
GE	399	0	0.5	0.25
GF	399	0	0.5	0.25
GG	399	0	0	0
GB	406	0	0	0
GE	406	0	0	0
GF	406	0	0	0
GG	406	0	0.5	0.25
GE	413	0	0.5	0.25
GF	413	0	0.5	0.25
GG	413	0	0.5	0.25
GE	420	0	0	0
GF	420	0	0	0
GG	420	0	0	0
GF	427	0	0	0
GF	434	0	0	0
GF	441	0	0	0
DA	124	1.5	1.5	1.5
DB	124	2	2	2
DC	124	2	2	2
DD	124	2	2	2
DE	124	2	2	2
DF	124	0.5	0.5	0.5
DG	124	2	2	2
DH	124	2	2	2
DI	124	2	2	2
DJ	124	2	2	2
DA	132	1.5	1.5	1.5
DB	132	2	2	2
DC	132	2	2	2
DD	132	2	2	2
DE	132	2	2	2
DF	132	0.5	0.5	0.5
DG	132	2	2	2
DH	132	2	2	2
DI	132	2	2	2
DJ	132	2	2	2
DA	140	0	0	0
DB	140	1.5	1.5	1.5
DC	140	2	2	2
DD	140	2	2	2
DE	140	2	2	2
DF	140	0	0	0
DG	140	0.5	0.5	0.5
DH	140	2	2	2
DI	140	2	2	2
DJ	140	2	2	2
DA	147	0	0	0
DB	147	0.5	0.5	0.5
DC	147	0.5	1	0.75
DD	147	1	1.5	1.25
DE	147	2	2	2
DF	147	0	0	0
DG	147	0	0	0
DI	147	1	1	1
DJ	147	2	2	2
DA	154	0	0	0
DB	154	0.5	0.5	0.5
DC	154	0.5	1	0.75
DD	154	2	2	2
DE	154	2	2	2
DG	154	0	0	0
DH	154	2	1.5	1.75
DI	154	2	2	2
DJ	154	2	2	2
DB	161	0	0	0
DC	161	0	0	0
DD	161	0.5	0.5	0.5
DE	161	2	2	2
DG	161	0	0	0
DH	161	0.5	0.5	0.5
DI	161	0.5	0.5	0.5
DJ	161	2	2	2
DB	168	0	0	0
DC	168	0	0	0
DD	168	1	1	1
DE	168	2	2	2
DG	168	0	0	0
DH	168	0.5	0.5	0.5
DI	168	1	1	1
DJ	168	2	2	2
DC	175	0	0	0
DD	175	0.5	0.5	0.5
DE	175	2	2	2
DG	175	0	0	0
DH	175	0.5	0	0.25
DI	175	0	0.5	0.25
DJ	175	2	2	2
DC	182	0	0	0
DD	182	2	1.5	1.75
DE	182	2	2	2
DG	182	0	0.5	0.25
DH	182	0.5	0.5	0.5
DI	182	0.5	1	0.75
DJ	182	2	2	2
DC	189	0	0	0
DD	189	0.5	0.5	0.5
DE	189	1	1.5	1.25
DH	189	0	0	0
DI	189	0	1	0.5
DJ	189	2	2	2
DD	196	0.5	0.5	0.5
DE	196	1.5	1.5	1.5
DH	196	0.5	0.5	0.5
DI	196	0	1	0.5
DJ	196	2	2	2
DD	203	0	0	0
DE	203	0	1	0.5
DH	203	0	0	0
DI	203	0	0	0
DJ	203	1	1	1
DD	210	0	0	0
DE	210	0.5	1	0.75
DJ	210	1.5	1.5	1.5
DE	217	0	0.5	0.25
DJ	217	1.5	2	1.75
DJ	224	2	2	2
DJ	231	2	2	2
DJ	238	0.5	1	0.75
DJ	245	1	1.5	1.25
DJ	252	0	0.5	0.25
QA	92	2	2	2
QB	92	2	2	2
QC	92	2	2	2
QD	92	2	2	2
QA	99	2	2	2
QB	99	2	2	2
QC	99	2	2	2
QD	99	2	2	2
QA	113	2	2	2
QB	113	2	2	2
QC	113	2	2	2
QD	113	2	2	2
QA	127	2	2	2
QB	127	2	2	2
QC	127	2	2	2
QD	127	2	2	2
QA	134	0.5	0.5	0.5
QB	134	1	1	1
QC	134	2	2	2
QD	134	2	2	2
QA	141	1	1.5	1.25
QB	141	2	2	2
QC	141	2	2	2
QD	141	2	2	2
QA	148	0.5	0.5	0.5
QB	148	0.5	1	0.75
QC	148	2	2	2
QD	148	2	2	2
QA	155	1	1	1
QB	155	1.5	1.5	1.5
QC	155	2	2	2
QD	155	2	2	2
QA	162	0	0	0
QB	162	0	1	0.5
QC	162	2	2	2
QD	162	2	2	2
QB	169	0.5	0.5	0.5
QC	169	2	2	2
QD	169	2	2	2
QB	176	0	0	0
QC	176	2	2	2
QD	176	2	2	2
QB	183	0	0	0
QC	183	2	2	2
QD	183	2	2	2
QC	190	1.5	1.5	1.5
QD	190	2	2	2
QC	197	1.5	1.5	1.5
QD	197	2	2	2
QC	204	0	0.5	0.25
QD	204	0.5	1	0.75
QC	211	0.5	0.5	0.5
QD	211	1.5	1.5	1.5
QC	218	0.5	0.5	0.5
QD	218	0	0.5	0.25
QC	225	0.5	0.5	0.5
QD	225	0.5	0.5	0.5
QC	232	0	0	0
QD	232	0	0	0
QC	239	0	0.5	0.25
QD	239	0.5	0.5	0.5
QC	246	0	0	0
QD	246	0	0	0
QD	253	0	0	0
QD	260	0	0	0
QD	267	0	0	0
QD	274	0	0	0
